epoch,train_loss,val_loss
1,0.5497931292716493,0.48604514201482135
2,0.2421915870397649,0.4257133085103262
3,0.19117071146660664,0.42741859633298146
4,0.1649952695724812,0.4295618143819627
5,0.16001730459801694,0.43847956969624474
6,0.14401333351084528,0.432409442961216
7,0.1331764278893775,0.44164978428965523
8,0.12906983875213784,0.4588239533560617
9,0.125949593934607,0.4803304129413196
10,0.12190599723699246,0.4488171147448676
11,0.11206492321922425,0.46374543188583284
